sno,age,gender,cp,trestbps,chol,fbs,restecg,thalach,exang,oldpeak,slope,ca,thal,prediction,probability,timestamp,http_status
1,69,male,0,171.6,234.0,0,2,83.3,0,3.8,0,0,0,yes,1.0,2026-09-06T09:24:37.446246+00:00,200
2,42,male,0,151.7,443.6,1,0,128.4,1,5.3,0,1,3,yes,1.0,2026-09-06T09:24:37.508673+00:00,200
3,50,female,1,113.7,464.8,0,0,119.4,1,5.5,2,2,0,yes,1.0,2026-09-06T09:24:37.569934+00:00,200
4,75,female,0,197.0,293.4,1,2,150.4,1,3.8,2,0,0,yes,1.0,2026-09-06T09:24:37.630957+00:00,200
5,71,male,2,198.4,505.6,0,1,106.1,1,1.1,1,1,2,yes,1.0,2026-09-06T09:24:37.690579+00:00,200
6,73,male,1,148.8,233.9,1,1,105.1,0,4.4,0,1,0,yes,1.0,2026-09-06T09:24:37.750472+00:00,200
7,49,female,2,97.3,531.3,1,0,155.2,1,5.8,2,3,1,yes,1.0,2026-09-06T09:24:37.810190+00:00,200
8,45,male,1,171.9,364.8,1,2,121.9,0,6.5,0,3,0,yes,1.0,2026-09-06T09:24:37.869474+00:00,200
9,77,male,0,106.8,196.2,1,2,78.3,1,3.9,1,2,0,yes,1.0,2026-09-06T09:24:37.928828+00:00,200
10,72,male,2,174.5,276.4,1,1,90.6,0,6.2,2,2,1,yes,1.0,2026-09-06T09:24:37.988501+00:00,200
11,61,male,2,182.6,350.9,0,0,118.6,0,3.5,2,0,2,yes,1.0,2026-09-06T09:24:38.048239+00:00,200
12,60,male,0,192.2,516.0,1,0,77.5,0,0.6,1,0,1,yes,1.0,2026-09-06T09:24:38.107981+00:00,200
13,37,female,1,119.2,513.2,1,0,190.8,0,4.6,1,2,3,yes,1.0,2026-09-06T09:24:38.168429+00:00,200
14,62,female,0,117.3,153.5,0,2,142.0,0,0.0,2,0,1,yes,1.0,2026-09-06T09:24:38.227940+00:00,200
15,33,male,2,97.8,230.9,1,0,140.1,1,1.6,1,3,1,yes,1.0,2026-09-06T09:24:38.288790+00:00,200
16,35,male,3,129.0,307.9,0,2,154.9,0,0.4,2,2,0,yes,1.0,2026-09-06T09:24:38.349272+00:00,200
17,44,male,1,149.0,187.4,0,1,130.1,0,2.9,2,0,0,yes,1.0,2026-09-06T09:24:38.410182+00:00,200
18,70,male,0,191.9,502.7,0,1,133.1,0,5.6,0,1,3,yes,1.0,2026-09-06T09:24:38.469772+00:00,200
19,29,female,2,191.9,474.4,1,1,160.6,1,1.0,1,1,0,yes,1.0,2026-09-06T09:24:38.530048+00:00,200
20,66,male,2,96.3,385.0,0,0,194.9,0,5.5,0,0,1,yes,1.0,2026-09-06T09:24:38.591011+00:00,200
21,54,male,1,153.7,142.7,0,1,155.5,1,6.1,0,2,1,yes,1.0,2026-09-06T09:24:38.650456+00:00,200
22,45,female,1,163.9,258.5,1,0,71.2,0,0.5,0,2,1,yes,1.0,2026-09-06T09:24:38.709959+00:00,200
23,51,male,1,130.6,195.2,1,2,197.9,0,4.3,2,2,0,yes,1.0,2026-09-06T09:24:38.770125+00:00,200
24,37,female,0,187.9,455.4,0,1,106.6,0,4.7,0,2,3,yes,1.0,2026-09-06T09:24:38.829277+00:00,200
25,45,male,0,159.8,494.1,0,0,113.4,0,4.1,1,1,3,yes,1.0,2026-09-06T09:24:38.888873+00:00,200
26,64,female,0,102.3,545.5,0,2,74.7,1,3.8,0,3,1,yes,1.0,2026-09-06T09:24:38.948866+00:00,200
27,31,female,2,188.9,479.3,0,1,97.3,0,4.3,1,3,1,yes,1.0,2026-09-06T09:24:39.008301+00:00,200
28,44,male,1,187.0,136.0,1,1,174.3,0,1.7,2,0,3,yes,1.0,2026-09-06T09:24:39.067973+00:00,200
29,31,female,1,112.0,533.7,1,1,176.7,0,1.4,2,1,3,yes,1.0,2026-09-06T09:24:39.128025+00:00,200
30,50,female,0,196.4,249.2,1,2,197.5,1,6.1,0,2,1,yes,1.0,2026-09-06T09:24:39.189861+00:00,200
31,66,female,0,101.9,318.4,1,1,148.8,0,2.5,2,1,2,yes,1.0,2026-09-06T09:24:39.249934+00:00,200
32,31,female,0,147.2,483.9,0,1,126.1,1,4.1,2,0,2,yes,1.0,2026-09-06T09:24:39.309635+00:00,200
33,61,female,3,125.9,435.3,0,0,124.7,1,4.4,0,2,3,yes,1.0,2026-09-06T09:24:39.369520+00:00,200
34,64,male,2,121.6,316.3,1,1,127.4,0,3.3,2,1,0,yes,1.0,2026-09-06T09:24:39.436247+00:00,200
35,47,female,0,180.0,459.3,1,0,174.9,0,0.2,0,3,0,yes,1.0,2026-09-06T09:24:39.499447+00:00,200
36,58,female,1,169.0,295.9,1,0,89.2,0,5.8,0,3,1,yes,1.0,2026-09-06T09:24:39.559896+00:00,200
37,40,female,0,151.3,533.3,0,1,87.3,1,4.3,2,2,3,yes,1.0,2026-09-06T09:24:39.619447+00:00,200
38,68,female,3,188.7,455.9,1,1,103.7,0,5.5,1,3,1,yes,1.0,2026-09-06T09:24:39.679187+00:00,200
39,46,female,0,168.5,229.3,1,1,186.1,0,0.9,0,3,1,yes,1.0,2026-09-06T09:24:39.738349+00:00,200
40,74,male,0,135.6,272.2,1,1,78.1,1,2.5,2,0,3,yes,1.0,2026-09-06T09:24:39.797550+00:00,200
41,59,male,2,122.8,298.5,1,2,167.2,0,3.2,1,3,3,yes,1.0,2026-09-06T09:24:39.856903+00:00,200
42,30,female,2,163.6,480.2,0,1,189.5,0,5.9,2,0,0,yes,1.0,2026-09-06T09:24:39.916202+00:00,200
43,70,female,1,185.4,205.9,1,1,112.6,1,2.1,1,2,3,yes,1.0,2026-09-06T09:24:39.975284+00:00,200
44,45,male,3,92.1,365.0,1,0,154.5,0,4.9,0,1,0,yes,1.0,2026-09-06T09:24:40.035686+00:00,200
45,68,male,1,103.9,422.9,0,1,160.9,1,1.1,2,0,1,yes,1.0,2026-09-06T09:24:40.094880+00:00,200
46,48,male,0,192.2,381.2,1,1,192.4,0,0.5,2,1,0,yes,1.0,2026-09-06T09:24:40.154174+00:00,200
47,73,female,0,177.6,376.8,0,1,139.3,1,0.4,2,2,0,yes,1.0,2026-09-06T09:24:40.213439+00:00,200
48,55,female,0,137.7,286.2,1,2,89.9,0,4.8,2,2,3,yes,1.0,2026-09-06T09:24:40.273226+00:00,200
49,58,female,2,125.5,234.2,0,1,184.6,0,4.9,2,3,2,yes,1.0,2026-09-06T09:24:40.332957+00:00,200
50,30,female,2,110.0,219.4,1,1,106.4,1,3.6,2,1,0,yes,1.0,2026-09-06T09:24:40.392741+00:00,200
51,44,female,3,151.1,231.9,1,2,162.5,1,5.2,0,2,1,yes,1.0,2026-09-06T09:24:40.452385+00:00,200
52,54,male,2,163.0,289.2,1,1,199.6,1,2.3,1,2,2,yes,1.0,2026-09-06T09:24:40.512309+00:00,200
53,45,male,0,169.3,265.4,0,0,98.1,1,1.8,2,2,0,yes,1.0,2026-09-06T09:24:40.573178+00:00,200
54,41,female,1,129.7,259.5,0,1,75.9,0,3.6,2,1,3,yes,1.0,2026-09-06T09:24:40.632258+00:00,200
55,35,male,2,141.6,321.0,0,0,102.8,1,0.7,0,3,3,yes,1.0,2026-09-06T09:24:40.691177+00:00,200
56,33,male,1,106.4,375.5,1,0,199.2,0,3.6,1,1,3,yes,1.0,2026-09-06T09:24:40.751292+00:00,200
57,57,female,2,184.6,565.6,1,2,150.7,0,6.2,0,1,2,yes,1.0,2026-09-06T09:24:40.810683+00:00,200
58,71,male,1,116.4,370.6,0,0,123.1,1,1.9,0,2,2,yes,1.0,2026-09-06T09:24:40.869514+00:00,200
59,73,female,0,165.6,536.1,0,1,84.9,0,4.2,1,1,0,yes,1.0,2026-09-06T09:24:40.928366+00:00,200
60,32,male,2,155.5,491.8,1,1,86.2,1,4.5,1,3,3,yes,0.999999,2026-09-06T09:24:40.987959+00:00,200
61,34,male,3,170.8,393.7,0,0,99.8,0,6.5,2,2,0,yes,1.0,2026-09-06T09:24:41.047498+00:00,200
62,77,male,3,147.1,321.8,1,0,199.6,1,4.1,1,0,3,yes,1.0,2026-09-06T09:24:41.106950+00:00,200
63,51,female,2,125.3,171.5,0,1,123.5,1,1.9,1,0,3,yes,1.0,2026-09-06T09:24:41.166506+00:00,200
64,34,female,2,125.6,556.7,1,2,177.2,0,4.3,2,3,3,yes,1.0,2026-09-06T09:24:41.226195+00:00,200
65,32,male,2,158.5,346.8,1,0,96.5,0,6.0,1,3,0,yes,1.0,2026-09-06T09:24:41.285567+00:00,200
66,30,male,1,124.2,131.1,1,0,99.2,0,3.0,0,1,3,yes,1.0,2026-09-06T09:24:41.345544+00:00,200
67,74,female,2,135.7,339.7,1,0,129.4,0,2.5,2,1,0,yes,1.0,2026-09-06T09:24:41.407293+00:00,200
68,46,female,2,192.8,350.9,0,1,164.4,1,5.6,1,3,2,yes,1.0,2026-09-06T09:24:41.466781+00:00,200
69,50,female,3,192.6,512.0,0,2,119.8,1,0.3,2,3,3,yes,1.0,2026-09-06T09:24:41.525552+00:00,200
70,53,male,3,196.1,181.2,1,0,183.6,1,0.6,1,0,1,yes,1.0,2026-09-06T09:24:41.585054+00:00,200
71,55,male,0,141.6,556.3,1,2,160.1,0,5.5,2,3,2,yes,1.0,2026-09-06T09:24:41.648337+00:00,200
72,69,female,0,157.9,229.5,1,0,167.1,1,6.4,2,0,3,yes,1.0,2026-09-06T09:24:41.710685+00:00,200
73,39,female,0,95.1,479.3,1,1,118.7,0,1.6,1,1,1,yes,0.999955,2026-09-06T09:24:41.769771+00:00,200
74,40,male,3,158.2,232.2,0,0,129.9,1,3.0,2,0,3,yes,1.0,2026-09-06T09:24:41.828968+00:00,200
75,47,male,0,138.6,278.8,1,2,195.1,1,3.0,1,1,3,yes,1.0,2026-09-06T09:24:41.888321+00:00,200
76,59,male,1,132.0,284.7,1,2,108.4,1,1.8,2,0,3,yes,1.0,2026-09-06T09:24:41.947701+00:00,200
77,47,male,2,114.1,209.6,1,2,168.2,0,4.1,2,0,2,yes,1.0,2026-09-06T09:24:42.007674+00:00,200
78,57,male,2,170.6,165.1,1,1,167.2,0,1.3,2,2,2,yes,1.0,2026-09-06T09:24:42.066940+00:00,200
79,39,female,3,196.4,256.3,1,0,130.9,0,0.9,0,3,2,yes,1.0,2026-09-06T09:24:42.126683+00:00,200
80,34,female,0,119.1,180.0,1,2,167.4,1,3.8,2,2,0,yes,1.0,2026-09-06T09:24:42.185827+00:00,200
81,72,male,3,92.8,518.5,1,2,98.8,0,4.1,1,2,3,yes,0.999916,2026-09-06T09:24:42.245585+00:00,200
82,36,male,0,194.1,260.4,1,0,82.6,0,2.5,1,3,1,yes,1.0,2026-09-06T09:24:42.314098+00:00,200
83,55,male,3,157.7,542.9,1,0,159.7,0,2.9,0,2,0,yes,1.0,2026-09-06T09:24:42.376234+00:00,200
84,72,female,2,96.7,247.8,0,1,81.9,0,4.2,2,0,0,yes,0.999996,2026-09-06T09:24:42.435770+00:00,200
85,50,male,1,176.6,216.3,0,2,98.1,0,2.1,0,0,2,yes,1.0,2026-09-06T09:24:42.494638+00:00,200
86,38,male,2,177.8,173.9,0,0,71.9,0,3.8,0,1,2,yes,1.0,2026-09-06T09:24:42.554417+00:00,200
87,32,male,3,147.9,456.8,1,1,171.1,0,2.9,0,0,2,yes,1.0,2026-09-06T09:24:42.615169+00:00,200
88,58,male,0,199.8,502.0,1,2,84.0,1,0.5,0,2,1,yes,1.0,2026-09-06T09:24:42.674316+00:00,200
89,33,male,2,158.7,385.5,1,1,199.3,1,2.9,2,3,0,yes,1.0,2026-09-06T09:24:42.734166+00:00,200
90,73,male,1,137.3,520.2,1,1,177.6,1,2.7,0,2,3,yes,1.0,2026-09-06T09:24:42.793426+00:00,200
91,49,female,2,194.9,430.6,1,0,81.9,0,0.6,0,2,1,yes,1.0,2026-09-06T09:24:42.852946+00:00,200
92,64,male,2,163.7,307.8,1,2,76.7,1,3.9,1,0,1,yes,1.0,2026-09-06T09:24:42.912479+00:00,200
93,38,female,1,183.2,280.8,1,0,169.1,0,5.2,2,0,2,yes,1.0,2026-09-06T09:24:42.971540+00:00,200
94,30,male,2,167.3,262.5,1,1,70.8,0,3.7,1,0,1,yes,0.99947,2026-09-06T09:24:43.031548+00:00,200
95,76,male,0,172.1,220.7,1,1,114.3,1,2.0,1,0,0,yes,1.0,2026-09-06T09:24:43.090503+00:00,200
96,38,male,0,164.1,246.1,1,1,148.9,1,1.8,2,0,2,yes,1.0,2026-09-06T09:24:43.149437+00:00,200
97,56,male,2,164.6,388.9,1,0,98.7,0,0.0,1,1,1,yes,1.0,2026-09-06T09:24:43.209461+00:00,200
98,77,female,2,126.1,128.4,1,0,86.8,0,3.3,2,2,0,yes,1.0,2026-09-06T09:24:43.269272+00:00,200
99,54,male,3,92.1,534.9,1,2,125.8,1,4.6,1,2,0,yes,0.902996,2026-09-06T09:24:43.328956+00:00,200
100,54,male,2,108.9,546.7,1,2,189.6,0,2.8,0,1,3,yes,1.0,2026-09-06T09:24:43.389120+00:00,200
